<?xml version="1.0" encoding="utf-8"?>
<bb_code_media_sites>
  <site media_site_id="applemusic" site_title="Apple Music" site_url="https://www.apple.com/music" match_is_regex="0" match_callback_class="XF\BbCode\Helper\AppleMusic" match_callback_method="matchCallback" embed_html_callback_class="XF\BbCode\Helper\AppleMusic" embed_html_callback_method="htmlCallback" cookie_third_parties="apple_music" supported="1" active="1" oembed_enabled="0" oembed_retain_scripts="1">
    <match_urls><![CDATA[itunes.apple.com/{$id}
music.apple.com/{$id}]]></match_urls>
    <embed_html><![CDATA[<div class="bbMediaWrapper" data-media-site-id="{$siteId}" data-media-key="{$country}/{$type}/{$id}">
	<div class="bbMediaWrapper-inner bbMediaWrapper-inner--{$height}px">
		<iframe src="{$url}"
			loading="lazy"
			style="{$style}"
			height="{$height}px"
			frameborder="0"
			scrolling="{$scrolling}"></iframe>
	</div>
</div>]]></embed_html>
  </site>
  <site media_site_id="dailymotion" site_title="Dailymotion" site_url="https://www.dailymotion.com" match_is_regex="0" match_callback_class="XF\BbCode\Helper\DailyMotion" match_callback_method="matchCallback" embed_html_callback_class="XF\BbCode\Helper\DailyMotion" embed_html_callback_method="htmlCallback" cookie_third_parties="dailymotion" supported="1" active="1" oembed_enabled="0" oembed_retain_scripts="0">
    <match_urls><![CDATA[dailymotion.com/video/{$id:alphanum}
dai.ly/{$id:alphanum}]]></match_urls>
    <embed_html><![CDATA[<div class="bbMediaWrapper" data-media-site-id="{$siteId}" data-media-key="{$id}">
	<div class="bbMediaWrapper-inner">
		<iframe src="https://www.dailymotion.com/embed/video/{$id}?start={$start}&width=560&hideInfos=1"
				loading="lazy"
				width="560" height="315"
				allowfullscreen
				frameborder="0"></iframe>
	</div>
</div>]]></embed_html>
  </site>
  <site media_site_id="facebook" site_title="Facebook" site_url="https://www.facebook.com" match_is_regex="1" match_callback_class="XF\BbCode\Helper\Misc" match_callback_method="matchEncodeAmpersands" embed_html_callback_class="XF\BbCode\Helper\Facebook" embed_html_callback_method="htmlCallback" cookie_third_parties="facebook&#10;meta" supported="1" active="1" oembed_enabled="0" oembed_retain_scripts="0">
    <match_urls><![CDATA[#facebook.com/[^/]+/videos/(?P<id>\d+)#si
#facebook.com/watch/\?v=(?P<id>\d+)#si
#facebook.com/video.php\?id=(?P<id>\d)#si
#facebook.com/video.php\?v=(?P<id>\d+)#si
#facebook.com/(?P<id>[^/]+/posts/(?:\d+|pfbid\w+))#si
#facebook.com/(?P<id>[^/]+/photos/(?:a\.\d+/)?\d+)#si
#facebook.com/(?:permalink|story).php\?(?P<id>story_fbid=(?:\d+|pfbid\w+)&id=\d+)#si
#fb.watch/(?P<id>\w+)#si]]></match_urls>
    <embed_html><![CDATA[<xf:page option="jsState.fbSdk" value="{{ true }}" />

<xf:if is="$type == 'video'">
	<xf:set var="$fbClass" value="fb-video" />
	<xf:set var="$fbHref" value="https://www.facebook.com/video.php?v={$id}" />
<xf:elseif is="$type == 'watch'" />
	<xf:set var="$fbClass" value="fb-post" />
	<xf:set var="$fbHref" value="https://fb.watch/{$id}" />	
<xf:else />
	<xf:set var="$fbClass" value="fb-post" />
	<xf:set var="$fbHref" value="https://www.facebook.com/{$idPlain}" />
</xf:if>

<div class="bbMediaJustifier" data-media-site-id="{$siteId}" data-media-key="{$idSlash}">
	<div class="{$fbClass}"
		 data-href="{$fbHref}"
		 data-width=""
		 data-show-text="true"
		 data-show-captions="true">
		<div class="fb-xfbml-parse-ignore">
			<a href="{$fbHref}" rel="external" target="_blank">
				<xf:fa icon="fab fa-facebook" /> {$fbHref}
			</a>
		</div>
	</div>
</div>

<xf:comment>
	// data attributes available:
	data-autoplay="false"
	data-allowfullscreen="false"
	data-show-text="false"
	data-show-captions="false"
</xf:comment>]]></embed_html>
  </site>
  <site media_site_id="flickr" site_title="Flickr" site_url="https://www.flickr.com" match_is_regex="1" match_callback_class="XF\BbCode\Helper\Flickr" match_callback_method="matchCallback" cookie_third_parties="flickr" supported="1" active="1" oembed_enabled="1" oembed_api_endpoint="https://www.flickr.com/services/oembed" oembed_url_scheme="https://flic.kr/p/{$id}" oembed_retain_scripts="0">
    <match_urls><![CDATA[#flickr\.com/photos/(?P<user>[a-z0-9_-]+)/(?P<id>\d+)#si
#flickr\.com/photos/(?P<user>\d+@N\d+)/(?P<id>\d+)#si
#c(?P<farm>\d+)\.staticflickr\.com/(?P<server1>\d+)/(?P<server2>\d+)/(?P<id>\d+)_#si
#flic\.kr/p/(?P<id>[a-z0-9]+)#si]]></match_urls>
    <embed_html><![CDATA[<!-- oEmbed - template unused -->]]></embed_html>
  </site>
  <site media_site_id="giphy" site_title="Giphy" site_url="https://giphy.com/" match_is_regex="0" cookie_third_parties="giphy" supported="1" active="1" oembed_enabled="0" oembed_retain_scripts="0">
    <match_urls><![CDATA[giphy.com/gifs/*-{$id}
gph.is/{$id}
media.giphy.com/media/{$id}/giphy.gif]]></match_urls>
    <embed_html><![CDATA[<div class="bbMediaWrapper" data-media-site-id="{$siteId}" data-media-key="{$id}">
	<div class="bbMediaWrapper-inner bbMediaWrapper-inner--4to3">
		<iframe src="https://giphy.com/embed/{$id}"
			loading="lazy"
			width="500"
			height="375"
			frameborder="0"
			allowfullscreen></iframe>
	</div>
</div>]]></embed_html>
  </site>
  <site media_site_id="imgur" site_title="Imgur" site_url="https://imgur.com" match_is_regex="0" match_callback_class="XF\BbCode\Helper\Imgur" match_callback_method="matchCallback" cookie_third_parties="imgur" supported="1" active="1" oembed_enabled="0" oembed_retain_scripts="0">
    <match_urls><![CDATA[imgur.com/gallery/{$id:alphanum}
imgur.com/a/{$id:alphanum}
imgur.com/r/*/{$id:alphanum}
imgur.com/{$id:alphanum}]]></match_urls>
    <embed_html><![CDATA[<xf:page option="jsState.imgur" value="{{ true }}" />

<div class="bbMediaWrapper" data-media-site-id="{$siteId}" data-media-key="{$idSlash}">
	<blockquote class="imgur-embed-pub" lang="en" data-id="{$idRaw}">
		<a href="https://imgur.com/{$idSlash}" rel="external" target="_blank">https://imgur.com/{$idSlash}</a>
	</blockquote>
</div>]]></embed_html>
  </site>
  <site media_site_id="instagram" site_title="Instagram" site_url="https://www.instagram.com" match_is_regex="0" cookie_third_parties="instagram&#10;meta" supported="1" active="1" oembed_enabled="0" oembed_retain_scripts="0">
    <match_urls><![CDATA[instagram.com/p/{$id}
instagram.com/tv/{$id}
instagram.com/reel/{$id}
instagr.am/p/{$id}
instagr.am/tv/{$id}
instagr.am/reel/{$id}]]></match_urls>
    <embed_html><![CDATA[<xf:page option="jsState.instagram" value="{{ true }}" />

<div class="bbMediaJustifier" data-media-site-id="{$siteId}" data-media-key="{$id}">
	<blockquote class="instagram-media" data-instgrm-captioned data-instgrm-permalink="https://www.instagram.com/p/{$id}/?utm_source=ig_embed&amp;utm_campaign=loading" data-instgrm-version="14" style=" background:#FFF; border:0; border-radius:3px; box-shadow:0 0 1px 0 rgba(0,0,0,0.5),0 1px 10px 0 rgba(0,0,0,0.15); margin: 1px; max-width:540px; min-width:326px; padding:0; width:99.375%; width:-webkit-calc(100% - 2px); width:calc(100% - 2px);"><div style="padding:16px;"> <a href="https://www.instagram.com/p/{$id}/?utm_source=ig_embed&amp;utm_campaign=loading" style=" background:#FFFFFF; line-height:0; padding:0 0; text-align:center; text-decoration:none; width:100%;" target="_blank"> <div style=" display: flex; flex-direction: row; align-items: center;"> <div style="background-color: #F4F4F4; border-radius: 50%; flex-grow: 0; height: 40px; margin-right: 14px; width: 40px;"></div> <div style="display: flex; flex-direction: column; flex-grow: 1; justify-content: center;"> <div style=" background-color: #F4F4F4; border-radius: 4px; flex-grow: 0; height: 14px; margin-bottom: 6px; width: 100px;"></div> <div style=" background-color: #F4F4F4; border-radius: 4px; flex-grow: 0; height: 14px; width: 60px;"></div></div></div><div style="padding: 19% 0;"></div> <div style="display:block; height:50px; margin:0 auto 12px; width:50px;"><svg width="50px" height="50px" viewBox="0 0 60 60" version="1.1" xmlns="https://www.w3.org/2000/svg" xmlns:xlink="https://www.w3.org/1999/xlink"><g stroke="none" stroke-width="1" fill="none" fill-rule="evenodd"><g transform="translate(-511.000000, -20.000000)" fill="#000000"><g><path d="M556.869,30.41 C554.814,30.41 553.148,32.076 553.148,34.131 C553.148,36.186 554.814,37.852 556.869,37.852 C558.924,37.852 560.59,36.186 560.59,34.131 C560.59,32.076 558.924,30.41 556.869,30.41 M541,60.657 C535.114,60.657 530.342,55.887 530.342,50 C530.342,44.114 535.114,39.342 541,39.342 C546.887,39.342 551.658,44.114 551.658,50 C551.658,55.887 546.887,60.657 541,60.657 M541,33.886 C532.1,33.886 524.886,41.1 524.886,50 C524.886,58.899 532.1,66.113 541,66.113 C549.9,66.113 557.115,58.899 557.115,50 C557.115,41.1 549.9,33.886 541,33.886 M565.378,62.101 C565.244,65.022 564.756,66.606 564.346,67.663 C563.803,69.06 563.154,70.057 562.106,71.106 C561.058,72.155 560.06,72.803 558.662,73.347 C557.607,73.757 556.021,74.244 553.102,74.378 C549.944,74.521 548.997,74.552 541,74.552 C533.003,74.552 532.056,74.521 528.898,74.378 C525.979,74.244 524.393,73.757 523.338,73.347 C521.94,72.803 520.942,72.155 519.894,71.106 C518.846,70.057 518.197,69.06 517.654,67.663 C517.244,66.606 516.755,65.022 516.623,62.101 C516.479,58.943 516.448,57.996 516.448,50 C516.448,42.003 516.479,41.056 516.623,37.899 C516.755,34.978 517.244,33.391 517.654,32.338 C518.197,30.938 518.846,29.942 519.894,28.894 C520.942,27.846 521.94,27.196 523.338,26.654 C524.393,26.244 525.979,25.756 528.898,25.623 C532.057,25.479 533.004,25.448 541,25.448 C548.997,25.448 549.943,25.479 553.102,25.623 C556.021,25.756 557.607,26.244 558.662,26.654 C560.06,27.196 561.058,27.846 562.106,28.894 C563.154,29.942 563.803,30.938 564.346,32.338 C564.756,33.391 565.244,34.978 565.378,37.899 C565.522,41.056 565.552,42.003 565.552,50 C565.552,57.996 565.522,58.943 565.378,62.101 M570.82,37.631 C570.674,34.438 570.167,32.258 569.425,30.349 C568.659,28.377 567.633,26.702 565.965,25.035 C564.297,23.368 562.623,22.342 560.652,21.575 C558.743,20.834 556.562,20.326 553.369,20.18 C550.169,20.033 549.148,20 541,20 C532.853,20 531.831,20.033 528.631,20.18 C525.438,20.326 523.257,20.834 521.349,21.575 C519.376,22.342 517.703,23.368 516.035,25.035 C514.368,26.702 513.342,28.377 512.574,30.349 C511.834,32.258 511.326,34.438 511.181,37.631 C511.035,40.831 511,41.851 511,50 C511,58.147 511.035,59.17 511.181,62.369 C511.326,65.562 511.834,67.743 512.574,69.651 C513.342,71.625 514.368,73.296 516.035,74.965 C517.703,76.634 519.376,77.658 521.349,78.425 C523.257,79.167 525.438,79.673 528.631,79.82 C531.831,79.965 532.853,80.001 541,80.001 C549.148,80.001 550.169,79.965 553.369,79.82 C556.562,79.673 558.743,79.167 560.652,78.425 C562.623,77.658 564.297,76.634 565.965,74.965 C567.633,73.296 568.659,71.625 569.425,69.651 C570.167,67.743 570.674,65.562 570.82,62.369 C570.966,59.17 571,58.147 571,50 C571,41.851 570.966,40.831 570.82,37.631"></path></g></g></g></svg></div><div style="padding-top: 8px;"> <div style=" color:#3897f0; font-family:Arial,sans-serif; font-size:14px; font-style:normal; font-weight:550; line-height:18px;">View this content on Instagram</div></div><div style="padding: 12.5% 0;"></div> <div style="display: flex; flex-direction: row; margin-bottom: 14px; align-items: center;"><div> <div style="background-color: #F4F4F4; border-radius: 50%; height: 12.5px; width: 12.5px; transform: translateX(0px) translateY(7px);"></div> <div style="background-color: #F4F4F4; height: 12.5px; transform: rotate(-45deg) translateX(3px) translateY(1px); width: 12.5px; flex-grow: 0; margin-right: 14px; margin-left: 2px;"></div> <div style="background-color: #F4F4F4; border-radius: 50%; height: 12.5px; width: 12.5px; transform: translateX(9px) translateY(-18px);"></div></div><div style="margin-left: 8px;"> <div style=" background-color: #F4F4F4; border-radius: 50%; flex-grow: 0; height: 20px; width: 20px;"></div> <div style=" width: 0; height: 0; border-top: 2px solid transparent; border-left: 6px solid #f4f4f4; border-bottom: 2px solid transparent; transform: translateX(16px) translateY(-4px) rotate(30deg)"></div></div><div style="margin-left: auto;"> <div style=" width: 0px; border-top: 8px solid #F4F4F4; border-right: 8px solid transparent; transform: translateY(16px);"></div> <div style=" background-color: #F4F4F4; flex-grow: 0; height: 12px; width: 16px; transform: translateY(-4px);"></div> <div style=" width: 0; height: 0; border-top: 8px solid #F4F4F4; border-left: 8px solid transparent; transform: translateY(-4px) translateX(8px);"></div></div></div> <div style="display: flex; flex-direction: column; flex-grow: 1; justify-content: center; margin-bottom: 24px;"> <div style=" background-color: #F4F4F4; border-radius: 4px; flex-grow: 0; height: 14px; margin-bottom: 6px; width: 224px;"></div> <div style=" background-color: #F4F4F4; border-radius: 4px; flex-grow: 0; height: 14px; width: 144px;"></div></div></a><p style=" color:#c9c8cd; font-family:Arial,sans-serif; font-size:14px; line-height:17px; margin-bottom:0; margin-top:8px; overflow:hidden; padding:8px 0 7px; text-align:center; text-overflow:ellipsis; white-space:nowrap;"><a href="https://www.instagram.com/p/{$id}/?utm_source=ig_embed&amp;utm_campaign=loading" style=" color:#c9c8cd; font-family:Arial,sans-serif; font-size:14px; font-style:normal; font-weight:normal; line-height:17px; text-decoration:none;" target="_blank">View this content on Instagram</a></p></div></blockquote>
</div>]]></embed_html>
  </site>
  <site media_site_id="pinterest" site_title="Pinterest" site_url="https://www.pinterest.com" match_is_regex="0" cookie_third_parties="pinterest" supported="1" active="1" oembed_enabled="0" oembed_retain_scripts="0">
    <match_urls><![CDATA[pinterest.com/pin/{$id:digits}
pinterest.co.uk/pin/{$id:digits}]]></match_urls>
    <embed_html><![CDATA[<xf:page option="jsState.pinterest" value="{{ true }}" />

<div class="bbMediaJustifier" data-media-site-id="{$siteId}" data-media-key="{$id}">
	<a data-pin-do="embedPin"
		data-pin-width="large"
		href="https://www.pinterest.com/pin/{$idDigits}/">
		<i class="fab fa-pinterest-square" aria-hidden="true"></i> https://www.pinterest.com/pin/{$idDigits}/</a>
</div>]]></embed_html>
  </site>
  <site media_site_id="reddit" site_title="Reddit" site_url="https://www.reddit.com" match_is_regex="0" match_callback_class="XF\BbCode\Helper\Reddit" match_callback_method="matchCallback" embed_html_callback_class="XF\BbCode\Helper\Reddit" embed_html_callback_method="htmlCallback" cookie_third_parties="reddit" supported="1" active="1" oembed_enabled="1" oembed_api_endpoint="https://www.reddit.com/oembed?omitscript=1" oembed_url_scheme="https://www.reddit.com/r/{$id}" oembed_retain_scripts="0">
    <match_urls><![CDATA[reddit.com/r/*/comments/{$id}]]></match_urls>
    <embed_html><![CDATA[<!-- oEmbed - template unused -->]]></embed_html>
  </site>
  <site media_site_id="soundcloud" site_title="SoundCloud" site_url="https://soundcloud.com" match_is_regex="0" match_callback_class="XF\BbCode\Helper\Soundcloud" match_callback_method="matchCallback" cookie_third_parties="soundcloud" supported="1" active="1" oembed_enabled="1" oembed_api_endpoint="https://soundcloud.com/oembed?format=json" oembed_url_scheme="https://soundcloud.com/{$id}" oembed_retain_scripts="0">
    <match_urls><![CDATA[soundcloud.com/{$id}]]></match_urls>
    <embed_html><![CDATA[<!-- oEmbed - template usused -->]]></embed_html>
  </site>
  <site media_site_id="spotify" site_title="Spotify" site_url="https://www.spotify.com" match_is_regex="0" match_callback_class="XF\BbCode\Helper\Spotify" match_callback_method="matchCallback" cookie_third_parties="spotify" supported="1" active="1" oembed_enabled="0" oembed_retain_scripts="0">
    <match_urls><![CDATA[open.spotify.com/track/{$id:alphanum}
open.spotify.com/album/{$id:alphanum}
open.spotify.com/artist/{$id:alphanum}
open.spotify.com/episode/{$id:alphanum}
open.spotify.com/playlist/{$id:alphanum}
open.spotify.com/user/*/playlist/{$id:alphanum}]]></match_urls>
    <embed_html><![CDATA[<div class="bbMediaWrapper" data-media-site-id="{$siteId}" data-media-key="{$id}">
	<div class="bbMediaWrapper-inner bbMediaWrapper-inner--232px">
		<iframe src="https://open.spotify.com/embed?uri=spotify:{$id}&theme={{ property('styleType') == 'light' ? 'white' : 'black' }}"
				loading="lazy"
				width="500" height="232"
				frameborder="0" allowtransparency="false"></iframe>
	</div>
</div>]]></embed_html>
  </site>
  <site media_site_id="tiktok" site_title="TikTok" site_url="https://www.tiktok.com/" match_is_regex="0" match_callback_class="XF\BbCode\Helper\TikTok" match_callback_method="matchCallback" cookie_third_parties="tiktok" supported="1" active="1" oembed_enabled="1" oembed_api_endpoint="https://www.tiktok.com/oembed" oembed_url_scheme="https://www.tiktok.com/video/{$id}" oembed_retain_scripts="0">
    <match_urls><![CDATA[tiktok.com/*/video/{$id}
vm.tiktok.com/{$id}]]></match_urls>
    <embed_html><![CDATA[<!-- oEmbed - template unused -->]]></embed_html>
  </site>
  <site media_site_id="tumblr" site_title="Tumblr" site_url="https://www.tumblr.com" match_is_regex="0" match_callback_class="XF\BbCode\Helper\Tumblr" match_callback_method="matchCallback" cookie_third_parties="tumblr" supported="1" active="1" oembed_enabled="1" oembed_api_endpoint="https://www.tumblr.com/oembed/1.0/" oembed_url_scheme="https://{$id}" oembed_retain_scripts="1">
    <match_urls><![CDATA[.tumblr.com/post/{$id}
www.tumblr.com/*/{$id}]]></match_urls>
    <embed_html><![CDATA[<!-- oEmbed - template unused -->]]></embed_html>
  </site>
  <site media_site_id="twitch" site_title="Twitch" site_url="https://www.twitch.tv" match_is_regex="0" match_callback_class="XF\BbCode\Helper\Twitch" match_callback_method="matchCallback" embed_html_callback_class="XF\BbCode\Helper\Twitch" embed_html_callback_method="htmlCallback" cookie_third_parties="twitch" supported="1" active="1" oembed_enabled="0" oembed_api_endpoint="https://api.twitch.tv/v4/oembed" oembed_url_scheme="https://twitch.tv/videos/{$id}" oembed_retain_scripts="0">
    <match_urls><![CDATA[www.twitch.tv/videos/{$id:digits}
www.twitch.tv/{$id:alphanum}
clips.twitch.tv/{$id:alphanum}]]></match_urls>
    <embed_html><![CDATA[<div class="bbMediaWrapper" data-media-site-id="{$siteId}" data-media-key="{$id}">
	<div class="bbMediaWrapper-inner">
		<iframe src="{$url}"
			loading="lazy"
			width="560" height="315"
			frameborder="0" allowfullscreen="true"
			scrolling="no"></iframe>
	</div>
</div>]]></embed_html>
  </site>
  <site media_site_id="twitter" site_title="X" site_url="https://x.com" match_is_regex="0" cookie_third_parties="twitter" supported="1" active="1" oembed_enabled="1" oembed_api_endpoint="https://publish.twitter.com/oembed" oembed_url_scheme="https://twitter.com/x/status/{$id}" oembed_retain_scripts="0">
    <match_urls><![CDATA[twitter.com/*/status/{$id}
twitter.com/statuses/{$id}
x.com/*/status/{$id}
x.com/statuses/{$id}]]></match_urls>
    <embed_html><![CDATA[<!-- oEmbed - template unused -->]]></embed_html>
  </site>
  <site media_site_id="vimeo" site_title="Vimeo" site_url="https://vimeo.com" match_is_regex="1" match_callback_class="XF\BbCode\Helper\Vimeo" match_callback_method="matchCallback" embed_html_callback_class="XF\BbCode\Helper\Vimeo" embed_html_callback_method="htmlCallback" cookie_third_parties="vimeo" supported="1" active="1" oembed_enabled="0" oembed_retain_scripts="0">
    <match_urls><![CDATA[#^https://vimeo.com/(?P<id>\d+)(?:\#t=([0-9]+h)?([0-9]+m)?([0-9]+s)?)?$#siU
#^https://vimeo.com/(?P<id>\d+)/[0-9a-f]+(?:\#t=([0-9]+h)?([0-9]+m)?([0-9]+s)?)?$#siU
#^https://vimeo.com/groups/.*/videos/(?P<id>\d+)(?:\#t=([0-9]+h)?([0-9]+m)?([0-9]+s)?)?$#siU]]></match_urls>
    <embed_html><![CDATA[<div class="bbMediaWrapper" data-media-site-id="{$siteId}" data-media-key="{$id}">
	<div class="bbMediaWrapper-inner">
		<iframe src="https://player.vimeo.com/video/{$id}{{ ($key ? "?h={$key}" : '') }}{{ ($start ? "#t={$start}s" : '') }}"
				loading="lazy"
				width="560" height="315"
				frameborder="0" allowfullscreen="true"></iframe>
	</div>
</div>]]></embed_html>
  </site>
  <site media_site_id="youtube" site_title="YouTube" site_url="https://www.youtube.com" match_is_regex="0" match_callback_class="XF\BbCode\Helper\YouTube" match_callback_method="matchCallback" embed_html_callback_class="XF\BbCode\Helper\YouTube" embed_html_callback_method="htmlCallback" cookie_third_parties="youtube" supported="1" active="1" oembed_enabled="0" oembed_retain_scripts="0">
    <match_urls><![CDATA[youtube.com/watch?v={$id}
youtube.com/watch?*&v={$id}
youtube.com/v/{$id}
youtu.be/{$id}
youtube.com/*/u/*/{$id}
youtube.com/embed/{$id}
youtube.com/shorts/{$id}
youtube-nocookie.com/embed/{$id}
youtube.com/live/{$id}]]></match_urls>
    <embed_html><![CDATA[<div class="bbMediaWrapper" data-media-site-id="{$siteId}" data-media-key="{$id}">
	<div class="bbMediaWrapper-inner">
		<iframe src="https://www.youtube.com/embed/{$id}?wmode=opaque{{ $start ? '&start=' . $start : '' }}{{ $list ? '&list=' . $list : '' }}"
				loading="lazy"
				width="560" height="315"
				frameborder="0" allowfullscreen="true"></iframe>
	</div>
</div>]]></embed_html>
  </site>
</bb_code_media_sites>
