<?xml version="1.0" encoding="utf-8"?>
<content_type_fields>
  <field content_type="admin_log" field_name="entity">XF:AdminLog</field>
  <field content_type="admin_log" field_name="log_search_class">XF\LogSearch\AdminLog</field>
  <field content_type="admin_log" field_name="phrase_plural">admin_logs</field>
  <field content_type="admin_navigation" field_name="admin_search_class">XF\AdminSearch\AdminNavigation</field>
  <field content_type="admin_navigation" field_name="phrase_plural">admin_navigation</field>
  <field content_type="admin_template" field_name="admin_search_class">XF\AdminSearch\AdminTemplate</field>
  <field content_type="attachment" field_name="stats_handler_class">XF\Stats\Attachment</field>
  <field content_type="bb_code" field_name="admin_search_class">XF\AdminSearch\BbCode</field>
  <field content_type="bb_code" field_name="phrase_plural">custom_bb_codes</field>
  <field content_type="bb_code_media_site" field_name="admin_search_class">XF\AdminSearch\BbCodeMediaSite</field>
  <field content_type="captcha_question" field_name="admin_search_class">XF\AdminSearch\CaptchaQuestion</field>
  <field content_type="captcha_question" field_name="phrase">captcha_question</field>
  <field content_type="change_log" field_name="entity">XF:ChangeLog</field>
  <field content_type="change_log" field_name="log_search_class">XF\LogSearch\ChangeLog</field>
  <field content_type="change_log" field_name="phrase_plural">change_logs</field>
  <field content_type="con_acc_provider" field_name="admin_search_class">XF\AdminSearch\ConnectedAccountProvider</field>
  <field content_type="con_acc_provider" field_name="phrase">connected_account_provider</field>
  <field content_type="contact" field_name="phrase">contact</field>
  <field content_type="content_type_field" field_name="admin_search_class">XF\AdminSearch\ContentTypeField</field>
  <field content_type="content_type_field" field_name="entity">XF\Entity\ContentTypeField</field>
  <field content_type="content_type_field" field_name="phrase_plural">content_type_fields</field>
  <field content_type="convMessage" field_name="content_type">conversation_message</field>
  <field content_type="conversation" field_name="entity">XF:ConversationMaster</field>
  <field content_type="conversation" field_name="inline_mod_handler_class">XF\InlineMod\Conversation</field>
  <field content_type="conversation" field_name="phrase">direct_message</field>
  <field content_type="conversation" field_name="phrase_plural">direct_messages</field>
  <field content_type="conversation" field_name="search_handler_class">XF\Search\Data\Conversation</field>
  <field content_type="conversation" field_name="spam_handler_class">XF\Spam\Cleaner\Conversation</field>
  <field content_type="conversation" field_name="stats_handler_class">XF\Stats\Conversation</field>
  <field content_type="conversation_message" field_name="alert_handler_class">XF\Alert\ConversationMessage</field>
  <field content_type="conversation_message" field_name="attachment_handler_class">XF\Attachment\ConversationMessage</field>
  <field content_type="conversation_message" field_name="entity">XF:ConversationMessage</field>
  <field content_type="conversation_message" field_name="phrase">direct_message_reply</field>
  <field content_type="conversation_message" field_name="phrase_plural">direct_message_replies</field>
  <field content_type="conversation_message" field_name="reaction_handler_class">XF\Reaction\ConversationMessage</field>
  <field content_type="conversation_message" field_name="report_handler_class">XF\Report\ConversationMessage</field>
  <field content_type="conversation_message" field_name="search_handler_class">XF\Search\Data\ConversationMessage</field>
  <field content_type="cron_entry" field_name="admin_search_class">XF\AdminSearch\CronEntry</field>
  <field content_type="cron_entry" field_name="phrase_plural">cron_entries</field>
  <field content_type="email_bounce_log" field_name="entity">XF:EmailBounceLog</field>
  <field content_type="email_bounce_log" field_name="log_search_class">XF\LogSearch\EmailBounceLog</field>
  <field content_type="email_bounce_log" field_name="phrase_plural">email_bounce_logs</field>
  <field content_type="email_template" field_name="admin_search_class">XF\AdminSearch\EmailTemplate</field>
  <field content_type="error_log" field_name="entity">XF:ErrorLog</field>
  <field content_type="error_log" field_name="log_search_class">XF\LogSearch\ErrorLog</field>
  <field content_type="error_log" field_name="phrase_plural">error_logs</field>
  <field content_type="feed" field_name="admin_search_class">XF\AdminSearch\Feed</field>
  <field content_type="feed" field_name="phrase">rss_feed_importer</field>
  <field content_type="forum" field_name="email_stop_class">XF\EmailStop\Forum</field>
  <field content_type="forum" field_name="entity">XF:Forum</field>
  <field content_type="image_proxy" field_name="entity">XF:ImageProxy</field>
  <field content_type="image_proxy" field_name="log_search_class">XF\LogSearch\ImageProxy</field>
  <field content_type="image_proxy" field_name="phrase_plural">image_proxy_logs</field>
  <field content_type="link_proxy" field_name="entity">XF:LinkProxy</field>
  <field content_type="link_proxy" field_name="log_search_class">XF\LogSearch\LinkProxy</field>
  <field content_type="link_proxy" field_name="phrase_plural">link_proxy_logs</field>
  <field content_type="member_stat" field_name="admin_search_class">XF\AdminSearch\MemberStat</field>
  <field content_type="moderator_log" field_name="entity">XF:ModeratorLog</field>
  <field content_type="moderator_log" field_name="log_search_class">XF\LogSearch\ModeratorLog</field>
  <field content_type="moderator_log" field_name="phrase_plural">moderator_logs</field>
  <field content_type="navigation" field_name="admin_search_class">XF\AdminSearch\Navigation</field>
  <field content_type="navigation" field_name="phrase_plural">navigation</field>
  <field content_type="node" field_name="admin_search_class">XF\AdminSearch\Node</field>
  <field content_type="node" field_name="bookmark_handler_class">XF\Bookmark\Node</field>
  <field content_type="node" field_name="entity">XF:Node</field>
  <field content_type="node" field_name="moderator_handler_class">XF\Moderator\NodeModerator</field>
  <field content_type="node" field_name="permission_handler_class">XF\Permission\NodePermissions</field>
  <field content_type="node" field_name="sitemap_handler_class">XF\Sitemap\Node</field>
  <field content_type="notice" field_name="admin_search_class">XF\AdminSearch\Notice</field>
  <field content_type="oembed" field_name="entity">XF:Oembed</field>
  <field content_type="oembed" field_name="log_search_class">XF\LogSearch\Oembed</field>
  <field content_type="oembed" field_name="phrase_plural">oembed_logs</field>
  <field content_type="option" field_name="admin_search_class">XF\AdminSearch\Option</field>
  <field content_type="page" field_name="entity">XF:Page</field>
  <field content_type="page" field_name="search_handler_class">XF\Search\Data\Page</field>
  <field content_type="payment_profile" field_name="admin_search_class">XF\AdminSearch\PaymentProfile</field>
  <field content_type="payment_provider_log" field_name="entity">XF:PaymentProviderLog</field>
  <field content_type="payment_provider_log" field_name="log_search_class">XF\LogSearch\PaymentProviderLog</field>
  <field content_type="payment_provider_log" field_name="phrase_plural">payment_provider_logs</field>
  <field content_type="phrase" field_name="admin_search_class">XF\AdminSearch\Phrase</field>
  <field content_type="post" field_name="activity_log_handler_class">XF\ActivityLog\Post</field>
  <field content_type="post" field_name="alert_handler_class">XF\Alert\Post</field>
  <field content_type="post" field_name="approval_queue_handler_class">XF\ApprovalQueue\Post</field>
  <field content_type="post" field_name="attachment_handler_class">XF\Attachment\Post</field>
  <field content_type="post" field_name="bookmark_handler_class">XF\Bookmark\Post</field>
  <field content_type="post" field_name="content_vote_handler_class">XF\ContentVote\Post</field>
  <field content_type="post" field_name="edit_history_handler_class">XF\EditHistory\Post</field>
  <field content_type="post" field_name="embed_resolver_class">XF\EmbedResolver\Post</field>
  <field content_type="post" field_name="entity">XF:Post</field>
  <field content_type="post" field_name="inline_mod_handler_class">XF\InlineMod\Post</field>
  <field content_type="post" field_name="moderator_log_handler_class">XF\ModeratorLog\Post</field>
  <field content_type="post" field_name="news_feed_handler_class">XF\NewsFeed\Post</field>
  <field content_type="post" field_name="phrase">post_noun</field>
  <field content_type="post" field_name="phrase_plural">posts</field>
  <field content_type="post" field_name="reaction_handler_class">XF\Reaction\Post</field>
  <field content_type="post" field_name="report_handler_class">XF\Report\Post</field>
  <field content_type="post" field_name="search_handler_class">XF\Search\Data\Post</field>
  <field content_type="post" field_name="spam_handler_class">XF\Spam\Cleaner\Post</field>
  <field content_type="post" field_name="stats_handler_class">XF\Stats\Post</field>
  <field content_type="post" field_name="warning_handler_class">XF\Warning\Post</field>
  <field content_type="post" field_name="webhook_handler_class">XF\Webhook\Event\Post</field>
  <field content_type="profile_post" field_name="alert_handler_class">XF\Alert\ProfilePost</field>
  <field content_type="profile_post" field_name="approval_queue_handler_class">XF\ApprovalQueue\ProfilePost</field>
  <field content_type="profile_post" field_name="attachment_handler_class">XF\Attachment\ProfilePost</field>
  <field content_type="profile_post" field_name="embed_resolver_class">XF\EmbedResolver\ProfilePost</field>
  <field content_type="profile_post" field_name="entity">XF:ProfilePost</field>
  <field content_type="profile_post" field_name="find_new_handler_class">XF\FindNew\ProfilePost</field>
  <field content_type="profile_post" field_name="inline_mod_handler_class">XF\InlineMod\ProfilePost</field>
  <field content_type="profile_post" field_name="moderator_log_handler_class">XF\ModeratorLog\ProfilePost</field>
  <field content_type="profile_post" field_name="news_feed_handler_class">XF\NewsFeed\ProfilePost</field>
  <field content_type="profile_post" field_name="reaction_handler_class">XF\Reaction\ProfilePost</field>
  <field content_type="profile_post" field_name="report_handler_class">XF\Report\ProfilePost</field>
  <field content_type="profile_post" field_name="search_handler_class">XF\Search\Data\ProfilePost</field>
  <field content_type="profile_post" field_name="spam_handler_class">XF\Spam\Cleaner\ProfilePost</field>
  <field content_type="profile_post" field_name="stats_handler_class">XF\Stats\ProfilePost</field>
  <field content_type="profile_post" field_name="warning_handler_class">XF\Warning\ProfilePost</field>
  <field content_type="profile_post" field_name="webhook_handler_class">XF\Webhook\Event\ProfilePost</field>
  <field content_type="profile_post_comment" field_name="alert_handler_class">XF\Alert\ProfilePostComment</field>
  <field content_type="profile_post_comment" field_name="approval_queue_handler_class">XF\ApprovalQueue\ProfilePostComment</field>
  <field content_type="profile_post_comment" field_name="attachment_handler_class">XF\Attachment\ProfilePostComment</field>
  <field content_type="profile_post_comment" field_name="entity">XF:ProfilePostComment</field>
  <field content_type="profile_post_comment" field_name="moderator_log_handler_class">XF\ModeratorLog\ProfilePostComment</field>
  <field content_type="profile_post_comment" field_name="news_feed_handler_class">XF\NewsFeed\ProfilePostComment</field>
  <field content_type="profile_post_comment" field_name="reaction_handler_class">XF\Reaction\ProfilePostComment</field>
  <field content_type="profile_post_comment" field_name="report_handler_class">XF\Report\ProfilePostComment</field>
  <field content_type="profile_post_comment" field_name="search_handler_class">XF\Search\Data\ProfilePostComment</field>
  <field content_type="profile_post_comment" field_name="spam_handler_class">XF\Spam\Cleaner\ProfilePostComment</field>
  <field content_type="profile_post_comment" field_name="stats_handler_class">XF\Stats\ProfilePostComment</field>
  <field content_type="profile_post_comment" field_name="warning_handler_class">XF\Warning\ProfilePostComment</field>
  <field content_type="profile_post_comment" field_name="webhook_handler_class">XF\Webhook\Event\ProfilePostComment</field>
  <field content_type="public_template" field_name="admin_search_class">XF\AdminSearch\PublicTemplate</field>
  <field content_type="rejected_user" field_name="entity">XF:UserReject</field>
  <field content_type="rejected_user" field_name="log_search_class">XF\LogSearch\UserReject</field>
  <field content_type="rejected_user" field_name="phrase_plural">rejected_users</field>
  <field content_type="report" field_name="alert_handler_class">XF\Alert\Report</field>
  <field content_type="report" field_name="entity">XF:Report</field>
  <field content_type="report" field_name="webhook_handler_class">XF\Webhook\Event\Report</field>
  <field content_type="spam_cleaner_log" field_name="entity">XF:SpamCleanerLog</field>
  <field content_type="spam_cleaner_log" field_name="log_search_class">XF\LogSearch\SpamCleanerLog</field>
  <field content_type="spam_cleaner_log" field_name="phrase_plural">spam_cleaner_logs</field>
  <field content_type="spam_trigger_log" field_name="entity">XF:SpamTriggerLog</field>
  <field content_type="spam_trigger_log" field_name="log_search_class">XF\LogSearch\SpamTriggerLog</field>
  <field content_type="spam_trigger_log" field_name="phrase_plural">spam_trigger_logs</field>
  <field content_type="style_property" field_name="admin_search_class">XF\AdminSearch\StyleProperty</field>
  <field content_type="style_property" field_name="phrase_plural">style_properties</field>
  <field content_type="tag" field_name="sitemap_handler_class">XF\Sitemap\Tag</field>
  <field content_type="thread" field_name="activity_log_handler_class">XF\ActivityLog\Thread</field>
  <field content_type="thread" field_name="alert_handler_class">XF\Alert\Thread</field>
  <field content_type="thread" field_name="approval_queue_handler_class">XF\ApprovalQueue\Thread</field>
  <field content_type="thread" field_name="content_vote_handler_class">XF\ContentVote\Thread</field>
  <field content_type="thread" field_name="email_stop_class">XF\EmailStop\Thread</field>
  <field content_type="thread" field_name="embed_resolver_class">XF\EmbedResolver\Thread</field>
  <field content_type="thread" field_name="entity">XF:Thread</field>
  <field content_type="thread" field_name="featured_content_handler_class">XF\FeaturedContent\Thread</field>
  <field content_type="thread" field_name="find_new_handler_class">XF\FindNew\Thread</field>
  <field content_type="thread" field_name="inline_mod_handler_class">XF\InlineMod\Thread</field>
  <field content_type="thread" field_name="moderator_log_handler_class">XF\ModeratorLog\Thread</field>
  <field content_type="thread" field_name="news_feed_handler_class">XF\NewsFeed\Thread</field>
  <field content_type="thread" field_name="poll_handler_class">XF\Poll\Thread</field>
  <field content_type="thread" field_name="search_handler_class">XF\Search\Data\Thread</field>
  <field content_type="thread" field_name="sitemap_handler_class">XF\Sitemap\Thread</field>
  <field content_type="thread" field_name="spam_handler_class">XF\Spam\Cleaner\Thread</field>
  <field content_type="thread" field_name="stats_handler_class">XF\Stats\Thread</field>
  <field content_type="thread" field_name="tag_handler_class">XF\Tag\Thread</field>
  <field content_type="thread" field_name="trending_content_handler_class">XF\TrendingContent\Thread</field>
  <field content_type="thread" field_name="webhook_handler_class">XF\Webhook\Event\Thread</field>
  <field content_type="thread_field" field_name="admin_search_class">XF\AdminSearch\ThreadField</field>
  <field content_type="thread_field" field_name="phrase">custom_thread_field</field>
  <field content_type="thread_prefix" field_name="admin_search_class">XF\AdminSearch\ThreadPrefix</field>
  <field content_type="thread_prefix" field_name="phrase">thread_prefix</field>
  <field content_type="thread_prefix" field_name="phrase_plural">thread_prefixes</field>
  <field content_type="thread_prompt" field_name="admin_search_class">XF\AdminSearch\ThreadPrompt</field>
  <field content_type="thread_prompt" field_name="phrase">thread_prompt</field>
  <field content_type="trophy" field_name="admin_search_class">XF\AdminSearch\Trophy</field>
  <field content_type="trophy" field_name="alert_handler_class">XF\Alert\Trophy</field>
  <field content_type="trophy" field_name="entity">XF:Trophy</field>
  <field content_type="trophy" field_name="phrase_plural">trophies</field>
  <field content_type="user" field_name="admin_search_class">XF\AdminSearch\User</field>
  <field content_type="user" field_name="alert_handler_class">XF\Alert\User</field>
  <field content_type="user" field_name="approval_queue_handler_class">XF\ApprovalQueue\User</field>
  <field content_type="user" field_name="change_log_handler_class">XF\ChangeLog\User</field>
  <field content_type="user" field_name="entity">XF:User</field>
  <field content_type="user" field_name="moderator_log_handler_class">XF\ModeratorLog\User</field>
  <field content_type="user" field_name="report_handler_class">XF\Report\User</field>
  <field content_type="user" field_name="sitemap_handler_class">XF\Sitemap\User</field>
  <field content_type="user" field_name="stats_handler_class">XF\Stats\User</field>
  <field content_type="user" field_name="warning_handler_class">XF\Warning\User</field>
  <field content_type="user" field_name="webhook_handler_class">XF\Webhook\Event\User</field>
  <field content_type="user_field" field_name="admin_search_class">XF\AdminSearch\UserField</field>
  <field content_type="user_field" field_name="phrase">custom_user_field</field>
  <field content_type="user_group" field_name="admin_search_class">XF\AdminSearch\UserGroup</field>
  <field content_type="user_upgrade" field_name="admin_search_class">XF\AdminSearch\UserUpgrade</field>
  <field content_type="user_upgrade" field_name="webhook_handler_class">XF\Webhook\Event\UserUpgrade</field>
  <field content_type="username_change" field_name="approval_queue_handler_class">XF\ApprovalQueue\UsernameChange</field>
  <field content_type="username_change" field_name="entity">XF:UsernameChange</field>
  <field content_type="username_change" field_name="log_search_class">XF\LogSearch\UsernameChange</field>
  <field content_type="username_change" field_name="phrase_plural">username_changes</field>
  <field content_type="warning_definition" field_name="admin_search_class">XF\AdminSearch\WarningDefinition</field>
  <field content_type="warning_definition" field_name="phrase">warning</field>
  <field content_type="widget" field_name="admin_search_class">XF\AdminSearch\Widget</field>
  <field content_type="xfmg_comment" field_name="webhook_handler_class">XFMG\Webhook\Event\Comment</field>
</content_type_fields>
